{"cameraMode":{"drawMode":0,"name":"Shaded","section":"Shading Mode"},"sceneLighting":true,"audioPlay":false,"sceneViewState":{"showFog":true,"showMaterialUpdate":false,"showSkybox":true,"showFlares":true,"showImageEffects":true,"showParticleSystems":true},"in2DMode":false,"pivot":{"x":12.437034606933594,"y":4.071329116821289,"z":-7.748937129974365},"rotation":{"x":0.05889170244336128,"y":-0.7897685170173645,"z":0.07676003873348236,"w":0.6057553887367249},"size":36.50684356689453,"orthographic":false}